CREATE DATABASE products;

CREATE TABLE products (
    id INT AUTO_INCREMENT PRIMARY KEY NOT NULL,
    prod_name VARCHAR(50) NOT NULL,
    price DECIMAL(5, 2),
    quantity INT
);
CREATE TABLE users (
    id INT AUTO_INCREMENT PRIMARY KEY NOT NULL,
    first_name VARCHAR(50),
    last_name VARCHAR(50),
    email VARCHAR(50),
    country VARCHAR(50),
    city VARCHAR(50),
    street_name VARCHAR(50)
);
CREATE TABLE users_products (
    id_user INT NOT NULL,
    id_product INT NOT NULL,
    INDEX(`id_user`),
    INDEX(`id_product`)
);

INSERT INTO `products` (`id`, `prod_name`, `price`, `quantity`) VALUES
(1, 'Bread Base - Goodhearth', '19.00', 826),
(2, 'Gatorade - Fruit Punch', '34.73', NULL),
(3, 'Eggwhite Frozen', '17.31', 395),
(4, 'Ecolab - Medallion', '28.37', 578),
(5, 'Cheese - Camembert', '1.96', NULL),
(6, 'Soup - Campbells Chili', '48.58', 711),
(7, 'Soup - Campbellschix Stew', '59.35', NULL),
(8, 'Swordfish Loin Portions', '82.34', 279),
(9, 'Mangostein', '35.75', NULL),
(10, 'Eggwhite Frozen', '49.04', NULL),
(11, 'Liners - Baking Cups', '53.56', NULL),
(12, 'Pasta - Penne Primavera, Single', '43.65', 615),
(13, 'Beef - Ox Tongue', '32.39', 372),
(14, 'Wine - Fontanafredda Barolo', '80.01', 336),
(15, 'Pears - Fiorelle', '24.50', 966),
(16, 'Pork - Bacon Cooked Slcd', '29.54', 985),
(17, 'Muffin Mix - Banana Nut', '45.46', 618),
(18, 'Cheese - Ricotta', '84.34', 80),
(19, 'Cheese - Sheep Milk', '66.47', 302),
(20, 'Cabbage Roll', '58.74', 432),
(21, 'Salmon - Sockeye Raw', '42.71', 535),
(22, 'Mousse - Mango', '48.57', 523),
(23, 'Icecream Cone - Areo Chocolate', '48.17', 815),
(24, 'Ecolab - Lime - A - Way 4/4 L', '1.70', 386),
(25, 'Truffle Paste', '11.91', 22),
(26, 'Oil - Shortening - All - Purpose', '66.85', 687),
(27, 'Bandage - Fexible 1x3', '40.09', 502),
(28, 'Chocolate Eclairs', '46.41', 724),
(29, 'Tortillas - Flour, 8', '24.75', 479),
(30, 'Lamb - Shoulder, Boneless', '41.65', 911),
(31, 'Cheese - Augre Des Champs', '57.81', 324),
(32, 'Venison - Racks Frenched', '9.27', 317),
(33, 'Pork - Bacon, Double Smoked', '74.79', 786),
(34, 'Nantucket - Orange Mango Cktl', '23.93', 586),
(35, 'Pastry - Apple Large', '41.13', 257),
(36, 'Asparagus - Frozen', '48.56', 425),
(37, 'Cheese - Ermite Bleu', '36.97', 599),
(38, 'Pepperoni Slices', '63.06', 176),
(39, 'Mushroom - Morels, Dry', '72.67', 833),
(40, 'Jam - Blackberry, 20 Ml Jar', '17.92', 184),
(41, 'Pasta - Angel Hair', '84.73', 213),
(42, 'Jack Daniels', '11.20', 282),
(43, 'Bread - Corn Muffaleta Onion', '74.95', 315),
(44, 'Lotus Leaves', '62.86', 83),
(45, 'Beer - Blue', '29.55', 550),
(46, 'Salmon - Atlantic, No Skin', '34.27', 137),
(47, 'Pork - Tenderloin, Frozen', '45.87', 980),
(48, 'Bread - Corn Muffaleta Onion', '69.33', 230),
(49, 'Lumpfish Black', '42.46', 280),
(50, 'Wine - Marlbourough Sauv Blanc', '37.91', 717),
(51, 'Fish - Base, Bouillion', '16.44', 212),
(52, 'Chocolate Eclairs', '15.44', 541),
(53, 'Pasta - Agnolotti - Butternut', '54.60', 576),
(54, 'Vinegar - Red Wine', '90.86', 552),
(55, 'Lettuce - Boston Bib - Organic', '54.80', 774),
(56, 'Mushroom - Oyster, Fresh', '73.61', 537),
(57, 'Orange Roughy 4/6 Oz', '72.41', 511),
(58, 'Butcher Twine 4r', '12.83', 719),
(59, 'Garlic Powder', '98.07', 793),
(60, 'Pastry - Banana Muffin - Mini', '99.46', 45),
(61, 'Cornstarch', '22.91', 370),
(62, 'Yogurt - Raspberry, 175 Gr', '18.45', 572),
(63, 'Turkey - Breast, Smoked', '58.39', 55),
(64, 'Capers - Pickled', '34.45', 852),
(65, 'Liqueur - Melon', '40.29', 774),
(66, 'Chicken - Tenderloin', '94.29', 947),
(67, 'Cookie Dough - Chunky', '72.17', 858),
(68, 'Bar Mix - Lemon', '2.66', 81),
(69, 'Wine - Dubouef Macon - Villages', '50.28', 268),
(70, 'Basil - Thai', '75.59', 251),
(71, 'Gooseberry', '45.41', 724),
(72, 'Shallots', '65.47', 629),
(73, 'Pepper - White, Ground', '70.77', 603),
(74, 'Wine - Zinfandel California 2002', '37.92', 394),
(75, 'Cake Circle, Paprus', '96.66', 67),
(76, 'Honey - Liquid', '21.76', 751),
(77, 'Wine - Fat Bastard Merlot', '95.77', 102),
(78, 'Fondant - Icing', '97.61', 301),
(79, 'Bread - Rolls, Rye', '21.59', 959),
(80, 'Cheese - Roquefort Pappillon', '72.70', 855),
(81, 'Oil - Sesame', '33.60', 495),
(82, 'Tuna - Salad Premix', '3.34', 48),
(83, 'Apricots - Dried', '9.79', 129),
(84, 'Pork Loin Cutlets', '75.38', 430),
(85, 'Oven Mitts - 15 Inch', '2.11', 201),
(86, 'Soup Knorr Chili With Beans', '94.15', 53),
(87, 'Pepper - Sorrano', '94.57', 887),
(88, 'Salt - Table', '14.60', 511),
(89, 'Melon - Cantaloupe', '5.23', 123),
(90, 'Table Cloth 81x81 Colour', '19.09', 373),
(91, 'Wine - Alicanca Vinho Verde', '58.81', 771),
(92, 'Gelatine Powder', '74.14', 30),
(93, 'Turkey - Ground. Lean', '35.95', 510),
(94, 'Brandy - Bar', '69.72', 681),
(95, 'Muffin Carrot - Individual', '45.59', 749),
(96, 'Table Cloth 54x72 Colour', '55.39', 803),
(97, 'The Pop Shoppe - Grape', '6.21', 551),
(98, 'Crackers Cheez It', '16.87', 560),
(99, 'Ocean Spray - Kiwi Strawberry', '36.47', 623),
(100, 'Flounder - Fresh', '19.35', 683);

INSERT INTO `users` (`id`, `first_name`, `last_name`, `email`, `country`, `city`, `street_name`) VALUES
(1, 'Ana', 'Wabersinke', 'awabersinke0@microsoft.com', 'Russia', 'Syktyvkar', 'Algoma'),
(2, 'Saw', 'Cullinan', 'scullinan1@behance.net', NULL, 'Ducheng', 'Graceland'),
(3, 'Paton', 'Shade', 'pshade2@istockphoto.com', 'China', NULL, NULL),
(4, 'Dasha', 'Bennallck', 'dbennallck3@scribd.com', 'Poland', NULL, 'Lien'),
(5, 'Free', 'Galvin', 'fgalvin4@guardian.co.uk', 'Poland', 'Stare Kurowo', 'Northfield'),
(6, 'Roley', 'Foye', 'rfoye5@yellowbook.com', 'Indonesia', 'Bakung Utara', NULL),
(7, 'Hermina', 'O\'Conor', 'hoconor6@scribd.com', 'China', 'Buyun', 'Evergreen'),
(8, 'Gipsy', 'Nettleship', 'gnettleship7@google.com.au', 'China', NULL, '7th'),
(9, 'Ardyth', 'Tippell', 'atippell8@privacy.gov.au', 'Poland', NULL, 'Morningstar'),
(10, 'Ramonda', 'Shambrooke', 'rshambrooke9@msn.com', 'Morocco', NULL, 'Dunning'),
(11, 'Roxy', 'Shevlane', 'rshevlanea@example.com', 'China', 'Tayang', NULL),
(12, 'Clair', 'Osgarby', 'cosgarbyb@comsenz.com', 'Poland', 'Lubień', 'Shelley'),
(13, 'Johanna', 'Kelmere', 'jkelmerec@freewebs.com', 'Russia', 'Shebalino', NULL),
(14, 'Jaquith', 'Ikin', 'jikind@exblog.jp', 'Lithuania', 'Žemaičių Naumiestis', 'Victoria'),
(15, 'Sofie', 'Bulcock', 'sbulcocke@sciencedirect.com', 'Portugal', NULL, NULL),
(16, 'Emmet', 'McKeady', 'emckeadyf@51.la', 'Burkina Faso', 'Fada N\'gourma', 'Northland'),
(17, 'Nicko', 'Beckenham', 'nbeckenhamg@imdb.com', 'China', 'Dogarmo', 'Bobwhite'),
(18, 'Piggy', 'Cade', 'pcadeh@t-online.de', 'Thailand', 'Seka', 'Corscot'),
(19, 'Ardyce', 'Shower', 'ashoweri@rambler.ru', 'China', 'Changzhou', 'Steensland'),
(20, 'Doug', 'Molineaux', 'dmolineauxj@tinypic.com', 'Sudan', 'Al Qiţena', 'Hauk'),
(21, 'Thadeus', 'Parkyns', 'tparkynsk@cyberchimps.com', 'Russia', 'L’vovskiy', '2nd'),
(22, 'Tore', 'Matusevich', 'tmatusevichl@hud.gov', 'Philippines', 'Plaridel', 'Arapahoe'),
(23, 'Vern', 'Brodhead', 'vbrodheadm@facebook.com', 'Latvia', 'Līgatne', 'Goodland'),
(24, 'Jordon', 'Bestiman', 'jbestimann@mapy.cz', 'China', 'Yinglan', 'Luster'),
(25, 'Ferdinanda', 'Elsip', 'felsipo@comcast.net', 'Thailand', 'Bangkok', 'Crownhardt'),
(26, 'Jerry', 'Camies', 'jcamiesp@pagesperso-orange.fr', 'Thailand', 'Bang Ban', 'Pond'),
(27, 'Amble', 'Page', 'apageq@illinois.edu', 'Malaysia', 'Petaling Jaya', 'Fordem'),
(28, 'Antonina', 'Hainge', 'ahainger@geocities.jp', 'Greece', 'Asíni', 'Alpine'),
(29, 'Reinaldo', 'Ryles', 'rryless@youtube.com', 'Chile', 'Talagante', 'Eliot'),
(30, 'Torrey', 'Sorel', 'tsorelt@google.pl', 'China', 'Kamru', 'Farwell'),
(31, 'Lydia', 'Jancy', 'ljancyu@cam.ac.uk', 'Indonesia', 'Masjid', 'Dayton'),
(32, 'Alina', 'Reynold', 'areynoldv@amazon.com', 'Uganda', 'Rukungiri', 'Myrtle'),
(33, 'Eyde', 'Farndell', 'efarndellw@ca.gov', 'Indonesia', 'Nobinobi', 'Sheridan'),
(34, 'Nonie', 'Caron', 'ncaronx@census.gov', 'Indonesia', 'Krajan', 'Eagle Crest'),
(35, 'Trstram', 'Bartolomeu', 'tbartolomeuy@time.com', 'Portugal', 'Cortes', 'Haas'),
(36, 'Phylis', 'Jacke', 'pjackez@howstuffworks.com', 'Belarus', 'Horad Rechytsa', 'Rockefeller'),
(37, 'Margette', 'Dagnan', 'mdagnan10@nymag.com', 'China', 'Apengjiang', 'Glendale'),
(38, 'Tate', 'Gornal', 'tgornal11@usgs.gov', 'Argentina', 'Gobernador Costa', 'Nancy'),
(39, 'Lyndsey', 'Rathborne', 'lrathborne12@washingtonpost.com', 'Canada', 'Nakusp', 'Linden'),
(40, 'Cesaro', 'Rowsel', 'crowsel13@uiuc.edu', 'France', 'Hendaye', 'Charing Cross'),
(41, 'Kassia', 'Matyushonok', 'kmatyushonok14@unc.edu', 'France', 'Suresnes', 'Ludington'),
(42, 'Celina', 'Gaish', 'cgaish15@plala.or.jp', 'Poland', 'Warsaw', 'Bellgrove'),
(43, 'Willamina', 'Lifton', 'wlifton16@merriam-webster.com', 'Philippines', 'Napuro', 'Everett'),
(44, 'Martita', 'Marchello', 'mmarchello17@phpbb.com', 'Thailand', 'At Samat', 'Hoard'),
(45, 'Sophey', 'Yearron', 'syearron18@people.com.cn', 'United Kingdom', 'Stapleford', 'Green'),
(46, 'Erwin', 'Quelch', 'equelch19@liveinternet.ru', 'Yemen', 'Al Miftāḩ', 'Northfield'),
(47, 'Roddy', 'Wollen', 'rwollen1a@smugmug.com', 'Malaysia', 'Kota Kinabalu', 'Marquette'),
(48, 'Raoul', 'Garron', 'rgarron1b@nifty.com', 'Russia', 'Bessonovka', 'Ohio'),
(49, 'Chicky', 'Roebuck', 'croebuck1c@state.tx.us', 'China', 'Tangtou', 'Bayside'),
(50, 'Buddie', 'Cardon', 'bcardon1d@opera.com', 'Morocco', 'Ourtzagh', 'Hoepker'),
(51, 'Denys', 'Dundon', 'ddundon1e@ucoz.ru', 'Russia', 'Kultuk', 'Sutherland'),
(52, 'Bevvy', 'Zanazzi', 'bzanazzi1f@rediff.com', 'Thailand', 'Bueng Kum', 'Loomis'),
(53, 'Deonne', 'Nerval', 'dnerval1g@google.com', 'Guatemala', 'El Jícaro', 'Westerfield'),
(54, 'Hendrick', 'Glancy', 'hglancy1h@geocities.com', 'South Korea', 'Gwangjeok', 'Clyde Gallagher'),
(55, 'Benedetta', 'O\'Scannill', 'boscannill1i@state.gov', 'Philippines', 'Santo Niño', 'Mayer'),
(56, 'Evvie', 'Frew', 'efrew1j@homestead.com', 'Greece', 'Néa Róda', 'Rutledge'),
(57, 'Meta', 'Mingard', 'mmingard1k@creativecommons.org', 'Philippines', 'Almaguer North', 'Carpenter'),
(58, 'Glenna', 'Filoniere', 'gfiloniere1l@sphinn.com', 'China', 'Leicheng', 'Sutherland'),
(59, 'Earle', 'Lowes', 'elowes1m@nature.com', 'China', 'Luoqi', 'Sullivan'),
(60, 'Bobina', 'Websdale', 'bwebsdale1n@yolasite.com', 'Philippines', 'Vitali', 'Montana'),
(61, 'Natala', 'Dillicate', 'ndillicate1o@ibm.com', 'Norway', 'Bergen', 'Maryland'),
(62, 'Tallulah', 'McCrackan', 'tmccrackan1p@newyorker.com', 'Morocco', 'El Aïoun', 'Village'),
(63, 'Vinita', 'Rawlingson', 'vrawlingson1q@xrea.com', 'Egypt', 'Ţahţā', 'Grayhawk'),
(64, 'Cammi', 'Raybould', 'craybould1r@ifeng.com', 'Indonesia', 'Krajan Tekung', 'Redwing'),
(65, 'Ariel', 'Etches', 'aetches1s@linkedin.com', 'China', 'Zaolin', 'Kennedy'),
(66, 'Vivyan', 'Bowsher', 'vbowsher1t@dagondesign.com', 'Philippines', 'Kambing', 'Nancy'),
(67, 'Amelie', 'Christofol', 'achristofol1u@pbs.org', 'Venezuela', 'Cumaná', 'Waxwing'),
(68, 'Billye', 'Battey', 'bbattey1v@netscape.com', 'Russia', 'Krutaya Gorka', 'Amoth'),
(69, 'Dennison', 'Curee', 'dcuree1w@discuz.net', 'Sweden', 'Stockholm', 'Clarendon'),
(70, 'Debor', 'Patria', 'dpatria1x@cpanel.net', 'Philippines', 'Legrada', 'Reinke'),
(71, 'Art', 'Keer', 'akeer1y@digg.com', 'Brazil', 'Palmas', 'Monica'),
(72, 'Guy', 'Shearmer', 'gshearmer1z@artisteer.com', 'South Africa', 'Adelaide', 'South'),
(73, 'Jere', 'Kimmings', 'jkimmings20@t.co', 'Vietnam', 'Quỳnh Côi', 'Bashford'),
(74, 'Matt', 'Ballsdon', 'mballsdon21@businessweek.com', 'Sweden', 'Piteå', 'Heath'),
(75, 'Melloney', 'Edsell', 'medsell22@163.com', 'Philippines', 'Idtig', '5th'),
(76, 'Julia', 'Bugdell', 'jbugdell23@mlb.com', 'United States', 'Boston', 'Kim'),
(77, 'Olag', 'Mattingson', 'omattingson24@hatena.ne.jp', 'China', 'Tielou', 'Hintze'),
(78, 'Lyndsey', 'Sharper', 'lsharper25@devhub.com', 'Russia', 'Voznesenskaya', 'Garrison'),
(79, 'Marilin', 'Luisetti', 'mluisetti26@flavors.me', 'Russia', 'Ob’', 'Elgar'),
(80, 'Starla', 'Huxstep', 'shuxstep27@bloomberg.com', 'Cyprus', 'Famagusta', 'Northview'),
(81, 'Felicle', 'Anstey', 'fanstey28@joomla.org', 'Croatia', 'Starigrad', 'Victoria'),
(82, 'Alonso', 'Whieldon', 'awhieldon29@livejournal.com', 'Brazil', 'Lago da Pedra', 'Cascade'),
(83, 'Westbrooke', 'Ronchetti', 'wronchetti2a@cisco.com', 'Indonesia', 'Oemofa', 'Mendota'),
(84, 'Halsey', 'Innman', 'hinnman2b@china.com.cn', 'South Korea', 'Cheongsong gun', 'Hagan'),
(85, 'Dana', 'MacCourt', 'dmaccourt2c@icq.com', 'Yemen', 'Al Khāniq', 'Arrowood'),
(86, 'Darius', 'Wroath', 'dwroath2d@simplemachines.org', 'Indonesia', 'Lamawalang', 'Wayridge'),
(87, 'Sybilla', 'Di Giorgio', 'sdigiorgio2e@blogspot.com', 'Russia', 'Gorbatov', 'Burrows'),
(88, 'Karlen', 'Hayworth', 'khayworth2f@netscape.com', 'Russia', 'Urozhaynoye', 'Kings'),
(89, 'Clarance', 'Merwood', 'cmerwood2g@goo.ne.jp', 'South Korea', 'Chinju', 'Gerald'),
(90, 'Ced', 'Usher', 'cusher2h@bigcartel.com', 'Nepal', 'Tulsīpur', 'Hazelcrest'),
(91, 'Savina', 'Cosely', 'scosely2i@joomla.org', 'Russia', 'Tomsk', 'Sunbrook'),
(92, 'Prudy', 'Burburough', 'pburburough2j@people.com.cn', 'New Zealand', 'New Plymouth', 'Lawn'),
(93, 'Sarena', 'Cassel', 'scassel2k@hatena.ne.jp', 'Russia', 'Glotovka', 'Moulton'),
(94, 'Sena', 'Bollis', 'sbollis2l@behance.net', 'Brazil', 'Santa Adélia', 'Brentwood'),
(95, 'Odele', 'Cinavas', 'ocinavas2m@dell.com', 'Netherlands', 'Brunssum', 'North'),
(96, 'Linda', 'Bew', 'lbew2n@ow.ly', 'China', 'Qukou', 'Lien'),
(97, 'Ania', 'Gibbetts', 'agibbetts2o@nasa.gov', 'Argentina', 'Río Segundo', 'Northland'),
(98, 'Adam', 'Raiston', 'araiston2p@npr.org', 'Russia', 'Povarovo', 'La Follette'),
(99, 'Edgar', 'Chretien', 'echretien2q@vinaora.com', 'Philippines', 'Bago City', 'Express'),
(100, 'Isak', 'Baugham', 'ibaugham2r@edublogs.org', 'China', 'Xiache', 'Lake View');

INSERT INTO `users_products` (`id_user`, `id_product`) VALUES
(1, 19),
(1, 26),
(1, 36),
(1, 42),
(1, 47),
(1, 71),
(2, 26),
(2, 33),
(2, 43),
(2, 65),
(2, 89),
(3, 9),
(3, 27),
(3, 56),
(3, 65),
(3, 83),
(4, 63),
(4, 89),
(4, 95),
(5, 22),
(5, 33),
(5, 45),
(6, 23),
(6, 28),
(6, 46),
(6, 89),
(7, 19),
(7, 21),
(7, 40),
(8, 90),
(8, 92),
(9, 7),
(9, 24),
(9, 28),
(9, 75),
(9, 93),
(10, 13),
(11, 17),
(11, 56),
(11, 77),
(11, 98),
(12, 1),
(13, 6),
(13, 9),
(13, 54),
(13, 83),
(14, 10),
(14, 31),
(14, 46),
(14, 47),
(14, 84),
(15, 46),
(15, 53),
(16, 32),
(17, 11),
(17, 15),
(17, 43),
(17, 56),
(17, 76),
(17, 87),
(17, 90),
(18, 1),
(18, 25),
(18, 45),
(18, 90),
(20, 3),
(21, 1),
(21, 20),
(21, 55),
(21, 88),
(21, 95),
(22, 1),
(22, 23),
(22, 36),
(22, 42),
(22, 68),
(22, 93),
(22, 99),
(23, 7),
(23, 30),
(23, 60),
(24, 33),
(24, 37),
(24, 60),
(25, 52),
(25, 58),
(25, 76),
(25, 87),
(26, 1),
(26, 9),
(26, 31),
(26, 86),
(27, 15),
(27, 18),
(28, 22),
(28, 51),
(29, 5),
(29, 5),
(29, 10),
(29, 14),
(29, 33),
(29, 61),
(29, 62),
(29, 83),
(29, 100),
(30, 22),
(30, 37),
(30, 63),
(30, 68),
(31, 1),
(31, 10),
(31, 65),
(31, 82),
(33, 29),
(33, 80),
(33, 83),
(33, 91),
(34, 11),
(34, 52),
(34, 78),
(34, 88),
(35, 20),
(35, 65),
(35, 82),
(36, 23),
(36, 72),
(37, 25),
(37, 43),
(37, 56),
(37, 68),
(37, 68),
(37, 81),
(38, 4),
(38, 13),
(38, 32),
(38, 44),
(38, 84),
(39, 9),
(39, 72),
(40, 14),
(40, 51),
(41, 28),
(41, 77),
(41, 92),
(42, 12),
(42, 16),
(42, 17),
(42, 55),
(42, 86),
(42, 89),
(43, 25),
(44, 23),
(44, 27),
(44, 39),
(44, 40),
(44, 52),
(45, 25),
(45, 26),
(45, 68),
(45, 69),
(45, 72),
(45, 95),
(46, 4),
(46, 35),
(46, 41),
(46, 44),
(46, 96),
(47, 16),
(47, 24),
(47, 92),
(47, 95),
(48, 25),
(48, 34),
(48, 35),
(48, 89),
(48, 89),
(49, 41),
(49, 99),
(50, 9),
(50, 100),
(51, 8),
(51, 41),
(51, 62),
(51, 94),
(52, 16),
(53, 18),
(53, 52),
(53, 91),
(54, 13),
(54, 71),
(55, 2),
(55, 73),
(56, 18),
(56, 66),
(57, 12),
(57, 16),
(57, 49),
(57, 70),
(58, 9),
(58, 39),
(59, 17),
(59, 68),
(59, 87),
(59, 97),
(60, 63),
(60, 72),
(61, 4),
(61, 5),
(61, 48),
(61, 80),
(62, 4),
(62, 86),
(62, 90),
(63, 66),
(63, 72),
(64, 4),
(64, 82),
(64, 92),
(65, 7),
(65, 30),
(65, 53),
(65, 80),
(65, 80),
(66, 43),
(67, 25),
(67, 51),
(67, 94),
(68, 5),
(68, 75),
(68, 93),
(69, 39),
(69, 66),
(70, 8),
(70, 25),
(70, 27),
(70, 30),
(70, 82),
(71, 77),
(72, 88),
(72, 90),
(73, 79),
(73, 88),
(75, 1),
(75, 40),
(75, 50),
(75, 99),
(76, 25),
(76, 26),
(76, 69),
(77, 15),
(77, 15),
(77, 51),
(77, 57),
(78, 10),
(78, 78),
(79, 34),
(81, 51),
(82, 14),
(84, 28),
(84, 82),
(85, 3),
(85, 17),
(85, 47),
(86, 76),
(86, 96),
(87, 10),
(87, 15),
(87, 24),
(87, 30),
(88, 26),
(88, 46),
(88, 85),
(88, 96),
(89, 48),
(89, 63),
(89, 78),
(90, 37),
(90, 43),
(90, 44),
(91, 11),
(91, 98),
(92, 83),
(93, 38),
(93, 69),
(93, 92),
(94, 42),
(94, 49),
(96, 62),
(96, 83),
(97, 14),
(97, 46),
(97, 62),
(98, 81),
(99, 4),
(99, 90),
(100, 42),
(100, 46),
(100, 51),
(100, 64),
(100, 83);